{
  "best_config": {
    "learning_rate": 0.08,
    "num_leaves": 15.0,
    "min_data_in_leaf": 40.0,
    "feature_fraction": 1.0,
    "bagging_fraction": 0.8,
    "lambda_l2": 0.0,
    "lambdarank_truncation_level": 100.0
  },
  "cv_score": 0.734873516037418,
  "best_iteration": 16,
  "holdout_ndcg10": 0.4465905934998439,
  "holdout_ndcg50": 0.7033994926373602,
  "spearman": 0.7403412812250748,
  "curve_ndcg10": [
    0.7749980859952263,
    0.9720207256633205,
    0.9722840772257161,
    0.9744363758529246,
    0.9738553147465643,
    0.9802175877276221,
    0.9802175877276221,
    0.9802175877276221,
    0.9802175877276221,
    0.9805352972715868,
    0.9805352972715868,
    0.9807986488339825,
    0.9807986488339825,
    0.9807986488339825,
    0.980535297271587,
    0.980535297271587,
    0.980535297271587,
    0.980535297271587,
    0.980535297271587,
    0.980535297271587,
    0.980535297271587,
    0.980535297271587,
    0.9744363758529246,
    0.9744363758529246,
    0.9807986488339825,
    0.9807986488339825,
    0.9807986488339825,
    0.9807986488339825,
    0.9807986488339825,
    0.9871609218150403,
    0.9871609218150403,
    0.9871609218150403,
    0.9871609218150403,
    0.9871609218150403,
    0.9871609218150403,
    0.9871609218150403,
    0.9871609218150403,
    0.9871609218150403,
    0.9871609218150403,
    0.9871609218150403,
    0.9871609218150403,
    0.9871609218150403,
    0.9871609218150403,
    0.9871609218150403,
    0.9871609218150403,
    0.9871609218150403,
    0.9871609218150403,
    0.9871609218150403,
    0.9871609218150403,
    0.9871609218150403,
    0.9871609218150403,
    0.9871609218150403,
    0.9871609218150403,
    0.9871609218150403,
    0.9871609218150403,
    0.9871609218150403,
    0.9871609218150403,
    0.9871609218150403,
    0.9871609218150403,
    0.9871609218150403,
    0.9871609218150403,
    0.9871609218150403,
    0.9871609218150403,
    0.9871609218150403,
    0.9871609218150403,
    0.9871609218150403,
    0.9871609218150403,
    0.9871609218150403,
    0.9871609218150403,
    0.9871609218150403,
    0.9871609218150403,
    0.9871609218150403,
    0.9871609218150403,
    0.9871609218150403,
    0.9871609218150403,
    0.9871609218150403,
    0.9888660222831487,
    0.9888660222831487,
    0.9888660222831487,
    0.9614827654451213,
    0.9614827654451213,
    0.9614827654451213,
    0.9536891540642284,
    0.9337102766704103,
    0.9614827654451213,
    0.9614827654451213,
    0.9614827654451213,
    0.9614827654451213,
    0.9614827654451213,
    0.9614827654451213,
    0.9614827654451213,
    0.9614827654451213,
    0.9614827654451213,
    0.9614827654451213,
    0.9614827654451213,
    0.9614827654451213,
    0.9756983306940363,
    0.9756983306940363,
    0.9756983306940363,
    0.9756983306940363,
    0.9756983306940363,
    0.9756983306940363,
    0.9756983306940363,
    0.9756983306940363,
    0.9614827654451213,
    0.9614827654451213,
    0.9614827654451213,
    0.9614827654451213,
    0.9614827654451213,
    0.9614827654451213,
    0.9614827654451213,
    0.9614827654451213,
    0.9614827654451213,
    0.9614827654451213,
    0.9614827654451213,
    0.9614827654451213,
    0.9614827654451213,
    0.9614827654451213,
    0.9614827654451213,
    0.9614827654451213,
    0.9614827654451213,
    0.9614827654451213,
    0.9614827654451213,
    0.9614827654451213,
    0.9614827654451213,
    0.9614827654451213,
    0.9614827654451213,
    0.9614827654451213,
    0.9614827654451213,
    0.9614827654451213,
    0.9614827654451213,
    0.9614827654451213,
    0.9614827654451213,
    0.9614827654451213,
    0.9614827654451213,
    0.9614827654451213
  ],
  "curve_ndcg50": [
    0.9056768616665183,
    0.9799096552102811,
    0.9832823360481756,
    0.9847908472036095,
    0.9871914180226433,
    0.9878488178362886,
    0.9878163892998947,
    0.9860935898086043,
    0.9865338341799859,
    0.9865772572662683,
    0.9866644038474494,
    0.9857716091618357,
    0.9858290218507328,
    0.9857131136066473,
    0.9867178704356261,
    0.9881596309074474,
    0.9881057673265483,
    0.9869331048383632,
    0.986846268391709,
    0.9866847619787121,
    0.9868168454012336,
    0.9866922113302771,
    0.9881579139580878,
    0.9843809469667584,
    0.9843551698924508,
    0.9843296254894405,
    0.9842049656345958,
    0.9843249106603589,
    0.98433512341983,
    0.9844979504166055,
    0.9844433562455464,
    0.9843932505180859,
    0.9843823950334141,
    0.9844479177699595,
    0.9859152872242101,
    0.9859579083015731,
    0.9860500426775085,
    0.9859651033077478,
    0.9859674944628068,
    0.9860208403887369,
    0.9859621003076443,
    0.9846236620047254,
    0.9845845724742877,
    0.9846454857696619,
    0.9846536730463317,
    0.9846390005370441,
    0.9860293764561228,
    0.9860547054981295,
    0.9846946854769936,
    0.9860178134863791,
    0.9860038037856039,
    0.9859732146248013,
    0.9860271384890915,
    0.9859912702319837,
    0.9861069607354457,
    0.9860518546632898,
    0.9860376712612412,
    0.9860739846600612,
    0.9860257393302053,
    0.9859659788725887,
    0.9859985074595861,
    0.9845663514103984,
    0.985632253881251,
    0.9855602900424589,
    0.9855428778784505,
    0.9857205443962884,
    0.9856403233336645,
    0.985545552118897,
    0.9854869662679124,
    0.9855581640647962,
    0.985565357995189,
    0.9855915593602325,
    0.9855327136079334,
    0.9869315711591,
    0.9868906393602804,
    0.9868997786456545,
    0.9870170835976664,
    0.9870179540803136,
    0.9870093698107831,
    0.9774856924801016,
    0.9771433961832487,
    0.9770785189892421,
    0.9785032125150925,
    0.9714352930687639,
    0.9768934121980178,
    0.9772647454806412,
    0.9777049263638149,
    0.9777049263638149,
    0.9762445646783604,
    0.9777071321731355,
    0.977537155236982,
    0.9775013195356623,
    0.977480016301489,
    0.977480016301489,
    0.9772346628163188,
    0.9774507875560147,
    0.9825008968158555,
    0.9827242809828606,
    0.9827242809828606,
    0.9827038859934577,
    0.9827277130431884,
    0.982583241410849,
    0.9825273935118511,
    0.9823935005819481,
    0.9775164873110705,
    0.9773476486380902,
    0.977237191672747,
    0.9772721211014614,
    0.9774790168411815,
    0.977278019719062,
    0.977278019719062,
    0.977278019719062,
    0.977135717708886,
    0.977050602347906,
    0.9758047791648936,
    0.9756857085874563,
    0.9756169592387802,
    0.9756169592387802,
    0.9758847680324758,
    0.9758847680324758,
    0.9771046243935697,
    0.9771421168306842,
    0.9771427025618038,
    0.9757434402313813,
    0.9771776998228473,
    0.9771776998228473,
    0.9757877753724189,
    0.9757908244195675,
    0.9757711108451973,
    0.9757711108451973,
    0.97570584321181,
    0.9756267786725932,
    0.9756464922469636,
    0.9754641248170415,
    0.975236213561175,
    0.9767066679542091
  ]
}